<config xmlns:xsi="http://www.w3.org/2001/XMLSchema-instance" xsi:noNamespaceSchemaLocation="../../../../../lib/internal/Magento/Framework/ObjectManager/etc/config.xsd">
    <type name="Magento\Framework\View\Element\UiComponent\DataProvider\CollectionFactory">
        <arguments>
            <argument name="collections" xsi:type="array">
                <item name="bliss_customform_post_listing_data_source" xsi:type="string">Bliss\Customform\Model\ResourceModel\Customform\Grid\Collection</item>
            </argument>
        </arguments>
    </type>
    <virtualType name="Bliss\Customform\Model\ResourceModel\Customform\Grid\Collection" type="Magento\Framework\View\Element\UiComponent\DataProvider\SearchResult">
        <arguments>
            <argument name="mainTable" xsi:type="string">bliss_customform</argument>
            <argument name="resourceModel" xsi:type="string">Bliss\Customform\Model\ResourceModel\Customform</argument>
        </arguments>
    </virtualType>
</config>